"id","company_name","ccy"
1,"Jelurida","Ignis"
2,"Jelurida","Nxt"
3,"Jelurida","Ardor"
4,"Ledger","Zcash"
5,"Ledger","XRP"
6,"Ledger","Viacoin"
7,"Ledger","Vertcoin"
8,"Ledger","Tezos"
9,"Ledger","Stratis"
10,"Ledger","Stealth"
11,"Ledger","Stakenet"
12,"Ledger","Qtum"
13,"Ledger","PIVX"
14,"Ledger","Peercoin"
15,"Ledger","Litecoin"
16,"Ledger","Komodo"
17,"Ledger","Horizen"
18,"Ledger","Ethereum Classic"
19,"Ledger","Ethereum"
20,"Ledger","Dogecoin"
21,"Ledger","DigiByte"
22,"Ledger","Decred"
23,"Ledger","Dash"
24,"Ledger","Bitcoin Gold"
25,"Ledger","Bitcoin Cash"
26,"Ledger","Bitcoin"
27,"BTCMEX","Bitcoin"
28,"Swapzone","Steem"
29,"Swapzone","IOStoken"
30,"Swapzone","Waves"
31,"Swapzone","0x"
32,"Swapzone","Qtum"
33,"Swapzone","Basic Attention Token"
34,"Swapzone","NEM"
35,"Swapzone","VeChain"
36,"Swapzone","Zcash"
37,"Swapzone","Ontology"
38,"Swapzone","Maker"
39,"Swapzone","IOTA"
40,"Swapzone","Dash"
41,"Swapzone","Ethereum Classic"
42,"Swapzone","Neo"
43,"Swapzone","LINK"
44,"Swapzone","Tezos"
45,"Swapzone","Stellar"
46,"Swapzone","Cardano"
47,"Swapzone","TRON"
48,"Swapzone","Monero"
49,"Swapzone","BNB"
50,"Swapzone","Bitcoin SV"
51,"Swapzone","EOS"
52,"Swapzone","Litecoin"
53,"Swapzone","Tether"
54,"Swapzone","XRP"
55,"Swapzone","Ethereum"
56,"Swapzone","Bitcoin"
57,"PrimeXBT","EOS"
58,"PrimeXBT","XRP"
59,"PrimeXBT","Litecoin"
60,"PrimeXBT","Ethereum"
61,"PrimeXBT","Bitcoin"
62,"Tradeium","TRON"
63,"Tradeium","Neo"
64,"Tradeium","Tether"
65,"Tradeium","BNB"
66,"Tradeium","XRP"
67,"Tradeium","Ethereum"
68,"Tradeium","Bitcoin"
69,"stakefish","Storj"
70,"stakefish","Cardano"
71,"stakefish","Ethereum"
72,"stakefish","Algorand"
73,"stakefish","Chainlink"
74,"stakefish","BOScoin"
75,"stakefish","EOS"
76,"stakefish","Kava"
77,"stakefish","Aion"
78,"stakefish","Loom Network"
79,"stakefish","IRISnet"
80,"stakefish","Tezos"
81,"stakefish","Cosmos"
82,"BigONE","XRP"
83,"BigONE","Stellar"
84,"BigONE","TRON"
85,"BigONE","Qtum"
86,"BigONE","Neo"
87,"BigONE","Monero"
88,"BigONE","Litecoin"
89,"BigONE","Holo"
90,"BigONE","Ethereum"
91,"BigONE","EOS"
92,"BigONE","Dogecoin"
93,"BigONE","Cosmos"
94,"BigONE","Dash"
95,"BigONE","Beam"
96,"BigONE","Bitcoin SV"
97,"BigONE","Bitcoin Cash"
98,"BigONE","Bitcoin"
99,"BigONE","BigONE Token"
100,"LocalBitcoins","Bitcoin"
101,"Prysmatic Labs","Ethereum"
102,"Amplify Exchange","EOS"
103,"Amplify Exchange","0x"
104,"Amplify Exchange","Basic Attention Token"
105,"Amplify Exchange","Ethereum Classic"
106,"Amplify Exchange","Neo"
107,"Amplify Exchange","Cardano"
108,"Amplify Exchange","Dash"
109,"Amplify Exchange","Stellar"
110,"Amplify Exchange","Bitcoin Cash"
111,"Amplify Exchange","XRP"
112,"Amplify Exchange","Litecoin"
113,"Amplify Exchange","Ethereum"
114,"Amplify Exchange","Bitcoin"
115,"WazirX","Litecoin"
116,"WazirX","XRP"
117,"WazirX","Ethereum"
118,"WazirX","Tether"
119,"WazirX","Bitcoin"
120,"DappRadar","VeChain"
121,"DappRadar","Ontology"
122,"DappRadar","TRON"
123,"DappRadar","EOS"
124,"DappRadar","Ethereum"
125,"Elliptic","XRP"
126,"Elliptic","Litecoin"
127,"Elliptic","Ethereum"
128,"Elliptic","Bitcoin Cash"
129,"Elliptic","Bitcoin"
130,"MVP Workshop","Ethereum"
131,"MVP Workshop","Bitcoin"
132,"Coinmine","Monero"
133,"Coinmine","Grin"
134,"Coinmine","Ethereum"
135,"Coinmine","Bitcoin"
136,"Tezos Foundation","Tezos"
137,"Electric Coin Company","Zcash"
138,"Canaan","Bitcoin"
139,"DeversiFi","Tether"
140,"DeversiFi","Wrapped Bitcoin"
141,"DeversiFi","SpankChain"
142,"DeversiFi","Enjin Coin"
143,"DeversiFi","Augur"
144,"DeversiFi","Santiment Network Token"
145,"DeversiFi","Monolith"
146,"DeversiFi","Basic Attention Token"
147,"DeversiFi","Maker"
148,"DeversiFi","FunFair"
149,"DeversiFi","Status"
150,"DeversiFi","0x"
151,"DeversiFi","Single Collateral DAI"
152,"DeversiFi","Nectar"
153,"DeversiFi","Ethereum"
154,"Cointraffic","Litecoin"
155,"Cointraffic","Ethereum"
156,"Cointraffic","Bitcoin"
157,"STASIS","STASIS EURO"
158,"Dolomite","Loopring"
159,"Dolomite","Ethereum"
160,"Nash","USD Coin"
161,"Nash","Travala.com"
162,"Nash","Red Pulse"
163,"Nash","Neo"
164,"Nash","Gas"
165,"Nash","Ethereum"
166,"Nash","Basic Attention Token"
167,"Nash","0x"
168,"Nash","Nash Exchange"
169,"SmartContract","Chainlink"
170,"CME Group","Bitcoin"
171,"Deribit","Ethereum"
172,"Deribit","Bitcoin"
173,"Dash Foundation","Dash"
174,"Litecoin Foundation","Litecoin"
175,"Cardano Foundation","Cardano"
176,"Bitspark","Zephyr"
177,"Bitspark","Ethereum"
178,"Bitspark","BitShares"
179,"Bitspark","Bitcoin"
180,"Bitspark","bitCNY"
181,"Casa","Bitcoin"
182,"RTrade Technologies","Bitcoin Cash"
183,"RTrade Technologies","Dash"
184,"RTrade Technologies","Ethereum"
185,"Gitcoin","Ethereum"
186,"Rain","0x"
187,"Rain","Maker"
188,"Rain","Single Collateral DAI"
189,"Rain","Basic Attention Token"
190,"Rain","Ethereum Classic"
191,"Rain","Bitcoin Cash"
192,"Rain","TRON"
193,"Rain","EOS"
194,"Rain","Cardano"
195,"Rain","Stellar"
196,"Rain","XRP"
197,"Rain","Litecoin"
198,"Rain","Ethereum"
199,"Rain","Bitcoin"
200,"Miner Bros Limited","Litecoin"
201,"Miner Bros Limited","Ethereum"
202,"Miner Bros Limited","Bitcoin"
203,"MXC","Decentraland"
204,"MXC","Ankr"
205,"MXC","Ruff"
206,"MXC","COVA"
207,"MXC","Ontology"
208,"MXC","Dogecoin"
209,"MXC","VeChain"
210,"MXC","BitTorrent"
211,"MXC","Novacoin"
212,"MXC","Nexo"
213,"MXC","IOStoken"
214,"MXC","BNB"
215,"MXC","Neo"
216,"MXC","Litecoin"
217,"MXC","TRON"
218,"MXC","Tether"
219,"MXC","EOS"
220,"MXC","Ethereum"
221,"MXC","Bitcoin"
222,"MXC","MX Token"
223,"MeterQubes","Ethereum"
224,"Enterprise Ethereum Alliance","Ethereum"
225,"Bitcoin Gear","Litecoin"
226,"Bitcoin Gear","Ethereum"
227,"Bitcoin Gear","Bitcoin"
228,"Bitcoin Foundation","Bitcoin"
229,"nChain","Bitcoin SV"
230,"Morgan Creek Digital Assets","Ethereum Classic"
231,"Morgan Creek Digital Assets","IOTA"
232,"Morgan Creek Digital Assets","Zcash"
233,"Morgan Creek Digital Assets","Monero"
234,"Morgan Creek Digital Assets","Dash"
235,"Morgan Creek Digital Assets","EOS"
236,"Morgan Creek Digital Assets","Litecoin"
237,"Morgan Creek Digital Assets","Bitcoin Cash"
238,"Morgan Creek Digital Assets","Ethereum"
239,"Morgan Creek Digital Assets","Bitcoin"
240,"Block.one","EOS"
241,"Blockstation","Ethereum"
242,"Blockstation","Bitcoin"
243,"CODEX","Enjin Coin"
244,"CODEX","Status"
245,"CODEX","Tezos"
246,"CODEX","BitTorrent"
247,"CODEX","SALT"
248,"CODEX","Augur"
249,"CODEX","eosDAC"
250,"CODEX","Nucleus Vision"
251,"CODEX","0xBitcoin"
252,"CODEX","Chainlink"
253,"CODEX","SelfKey"
254,"CODEX","Litecoin"
255,"CODEX","TRON"
256,"CODEX","Bitcoin Cash"
257,"CODEX","Ethereum"
258,"CODEX","EOS"
259,"CODEX","Tether"
260,"CODEX","Bitcoin"
261,"HitBTC","Tezos"
262,"HitBTC","Ethereum Classic"
263,"HitBTC","EOS"
264,"HitBTC","Waves"
265,"HitBTC","DigitalNote"
266,"HitBTC","Neo"
267,"HitBTC","Dogecoin"
268,"HitBTC","NEM"
269,"HitBTC","TRON"
270,"HitBTC","Bitcoin Gold"
271,"HitBTC","Bitcoin SV"
272,"HitBTC","Bitcoin Cash"
273,"HitBTC","Monero"
274,"HitBTC","Stellar"
275,"HitBTC","Dash"
276,"HitBTC","Zcash"
277,"HitBTC","Ethereum"
278,"HitBTC","XRP"
279,"HitBTC","Litecoin"
280,"HitBTC","Bitcoin"
281,"Bitfury","Bitcoin"
282,"Minds + Machines Group Limited","Ethereum"
283,"ShapeShift","Dogecoin"
284,"ShapeShift","Monero"
285,"ShapeShift","Zcash"
286,"ShapeShift","Ethereum Classic"
287,"ShapeShift","BNB"
288,"ShapeShift","Dash"
289,"ShapeShift","Litecoin"
290,"ShapeShift","Bitcoin Cash"
291,"ShapeShift","XRP"
292,"ShapeShift","Ethereum"
293,"ShapeShift","Bitcoin"
294,"Fidelity Investments","Ethereum"
295,"Fidelity Investments","Bitcoin"
296,"Genesis Mining","Litecoin"
297,"Genesis Mining","Monero"
298,"Genesis Mining","Dash"
299,"Genesis Mining","Zcash"
300,"Genesis Mining","Ethereum"
301,"Genesis Mining","Bitcoin"
302,"Poloniex","MaidSafeCoin"
303,"Poloniex","Lisk"
304,"Poloniex","NEM"
305,"Poloniex","DigiByte"
306,"Poloniex","Zcash"
307,"Poloniex","Litecoin"
308,"Poloniex","Ethereum Classic"
309,"Poloniex","Augur"
310,"Poloniex","Bytecoin"
311,"Poloniex","Basic Attention Token"
312,"Poloniex","Dash"
313,"Poloniex","0x"
314,"Poloniex","Siacoin"
315,"Poloniex","Bitcoin Cash"
316,"Poloniex","Stellar"
317,"Poloniex","Decred"
318,"Poloniex","Dogecoin"
319,"Poloniex","XRP"
320,"Poloniex","Tether"
321,"Poloniex","Monero"
322,"Poloniex","Ethereum"
323,"Poloniex","USD Coin"
324,"Poloniex","Bitcoin"
325,"Openledger","OracleChain"
326,"Openledger","Smoke"
327,"Openledger","Scorum Coins"
328,"Openledger","MaidSafeCoin"
329,"Openledger","Zephyr"
330,"Openledger","Dogecoin"
331,"Openledger","Dash"
332,"Openledger","Neo"
333,"Openledger","Litecoin"
334,"Openledger","Steem"
335,"Openledger","EOS"
336,"Openledger","Ethereum"
337,"Openledger","Bitcoin"
338,"Kraken","Zcash"
339,"Kraken","Tezos"
340,"Kraken","Tether"
341,"Kraken","Stellar"
342,"Kraken","XRP"
343,"Kraken","Quantum"
344,"Kraken","Monero"
345,"Kraken","Enzyme"
346,"Kraken","Litecoin"
347,"Kraken","Iconomi"
348,"Kraken","Gnosis"
349,"Kraken","Ethereum Classic"
350,"Kraken","EOS"
351,"Kraken","Dogecoin"
352,"Kraken","Dash"
353,"Kraken","Cardano"
354,"Kraken","Augur"
355,"Kraken","Bitcoin Cash"
356,"Kraken","Ethereum"
357,"Kraken","Bitcoin"
358,"Bitstamp","Bitcoin Cash"
359,"Bitstamp","Litecoin"
360,"Bitstamp","XRP"
361,"Bitstamp","Ethereum"
362,"Bitstamp","Bitcoin"
363,"Bithumb","PlayCoin [QRC20]"
364,"Bithumb","Zilliqa"
365,"Bithumb","Waltonchain"
366,"Bithumb","HyperCash"
367,"Bithumb","Raiden Network Token"
368,"Bithumb","Qtum"
369,"Bithumb","Populous"
370,"Bithumb","Cybermiles"
371,"Bithumb","SALT"
372,"Bithumb","Ethereum Classic"
373,"Bithumb","Dash"
374,"Bithumb","TRON"
375,"Bithumb","Monero"
376,"Bithumb","Cardano"
377,"Bithumb","Litecoin"
378,"Bithumb","EOS"
379,"Bithumb","Bitcoin Cash"
380,"Bithumb","XRP"
381,"Bithumb","Ethereum"
382,"Bithumb","Bitcoin"
383,"BitGo","Bitcoin"
384,"Blockchain, Inc.","Ethereum"
385,"Blockchain, Inc.","Bitcoin Cash"
386,"Blockchain, Inc.","Bitcoin"
387,"Digital Currency Group","ZenCash"
388,"Digital Currency Group","Zcash"
389,"Digital Currency Group","Madnetwork"
390,"Digital Currency Group","Filecoin"
391,"Digital Currency Group","Ethereum Classic"
392,"Digital Currency Group","Decentraland"
393,"Digital Currency Group","Civic"
394,"Digital Currency Group","Stacks"
395,"Digital Currency Group","Bitcoin Cash"
396,"Digital Currency Group","Bitcoin"
397,"Digital Currency Group","Hedera"
398,"Coinme","Uptoken"
399,"Coinme","Bitcoin"
400,"Xpring","XRP"
401,"MyCointainer","CloakCoin"
402,"MyCointainer","BitGreen"
403,"MyCointainer","Bitcoin Turbo Koin"
404,"MyCointainer","Bitcoin Plus"
405,"MyCointainer","BitCoin One"
406,"MyCointainer","PIVX"
407,"MyCointainer","Rapids"
408,"MyCointainer","Divi"
409,"MyCointainer","Energi"
410,"MyCointainer","Polis"
411,"MyCointainer","Stratis"
412,"MyCointainer","Qtum"
413,"MyCointainer","Waves"
414,"MyCointainer","Litecoin"
415,"MyCointainer","EOS"
416,"MyCointainer","TRON"
417,"MyCointainer","Cardano"
418,"MyCointainer","Bitcoin Cash"
419,"MyCointainer","Ethereum"
420,"MyCointainer","Bitcoin"
421,"Lightning Labs","Bitcoin"
422,"ShortHop","XRP"
423,"ShortHop","Stellar"
424,"ShortHop","Litecoin"
425,"ShortHop","Ethereum"
426,"ShortHop","Bitcoin Cash"
427,"ShortHop","Bitcoin"
428,"ZenLedger","Litecoin"
429,"ZenLedger","Ethereum"
430,"ZenLedger","Bitcoin"
431,"Huobi Global","Monero"
432,"Huobi Global","Steem"
433,"Huobi Global","Zcash"
434,"Huobi Global","IOTA"
435,"Huobi Global","Dash"
436,"Huobi Global","XRP"
437,"Huobi Global","Cardano"
438,"Huobi Global","EOS"
439,"Huobi Global","Litecoin"
440,"Huobi Global","Bitcoin Cash"
441,"Huobi Global","Ethereum"
442,"Huobi Global","Bitcoin"
443,"Huobi Global","Tether"
444,"Huobi Global","Huobi Token"
445,"Lendroid","Lendroid Support Token"
446,"BTSE","TrueUSD"
447,"BTSE","USD Coin"
448,"BTSE","Litecoin"
449,"BTSE","Ethereum"
450,"BTSE","Bitcoin"
451,"BTSE","Tether"
452,"Stellar Development Foundation","Stellar"
453,"BW.com","Bitcoin Cash"
454,"BW.com","EOS"
455,"BW.com","Litecoin"
456,"BW.com","Ethereum"
457,"BW.com","Bitcoin"
458,"TravelbyBit","Tether"
459,"TravelbyBit","Litecoin"
460,"TravelbyBit","BNB"
461,"TravelbyBit","Bitcoin"
462,"dex.blue","0x"
463,"dex.blue","Wrapped Bitcoin"
464,"dex.blue","Enigma"
465,"dex.blue","Gnosis"
466,"dex.blue","Augur"
467,"dex.blue","Basic Attention Token"
468,"dex.blue","Maker"
469,"dex.blue","Single Collateral DAI"
470,"dex.blue","Chainlink"
471,"dex.blue","Ethereum"
472,"Ethereum Foundation","Ethereum"
473,"IOTA Foundation","IOTA"
474,"ZBG","Dogecoin"
475,"ZBG","Horizen"
476,"ZBG","Qtum"
477,"ZBG","Zcash"
478,"ZBG","Ethereum Classic"
479,"ZBG","Monero"
480,"ZBG","ZBG Token"
481,"ZBG","ZB Token"
482,"ZBG","Dash"
483,"ZBG","Cardano"
484,"ZBG","TRON"
485,"ZBG","Bitcoin Cash"
486,"ZBG","Bitcoin SV"
487,"ZBG","XRP"
488,"ZBG","Litecoin"
489,"ZBG","EOS"
490,"ZBG","Ethereum"
491,"ZBG","Bitcoin"
492,"ZB.com","Qtum"
493,"ZB.com","Neo"
494,"ZB.com","Dash"
495,"ZB.com","Cardano"
496,"ZB.com","Tether"
497,"ZB.com","Stellar"
498,"ZB.com","Litecoin"
499,"ZB.com","EOS"
500,"ZB.com","XRP"
501,"ZB.com","Ethereum"
502,"ZB.com","Bitcoin"
503,"ZB.com","ZB Token"
504,"BaseFEX","Tether"
505,"BaseFEX","Dash"
506,"BaseFEX","Ethereum Classic"
507,"BaseFEX","EOS"
508,"BaseFEX","BNB"
509,"BaseFEX","Litecoin"
510,"BaseFEX","Bitcoin Cash"
511,"BaseFEX","XRP"
512,"BaseFEX","Ethereum"
513,"BaseFEX","Bitcoin"
514,"ChangeNOW","NOW Token"
515,"ChangeNOW","Decred"
516,"ChangeNOW","Dash"
517,"ChangeNOW","Civic"
518,"ChangeNOW","Bitcoin Gold"
519,"ChangeNOW","Verge"
520,"ChangeNOW","NEM"
521,"ChangeNOW","Ethereum Classic"
522,"ChangeNOW","Tether"
523,"ChangeNOW","BNB"
524,"ChangeNOW","Cardano"
525,"ChangeNOW","Zcash"
526,"ChangeNOW","Dogecoin"
527,"ChangeNOW","TRON"
528,"ChangeNOW","Monero"
529,"ChangeNOW","Stellar"
530,"ChangeNOW","EOS"
531,"ChangeNOW","Litecoin"
532,"ChangeNOW","Bitcoin SV"
533,"ChangeNOW","Bitcoin Cash"
534,"ChangeNOW","XRP"
535,"ChangeNOW","Ethereum"
536,"ChangeNOW","Bitcoin"
537,"PrimeBit","Tether"
538,"PrimeBit","Litecoin"
539,"PrimeBit","Ethereum"
540,"PrimeBit","Bitcoin"
541,"Decoin","Neo"
542,"Decoin","Quantum"
543,"Decoin","Ethereum Classic"
544,"Decoin","Bitcoin Cash"
545,"Decoin","EOS"
546,"Decoin","XRP"
547,"Decoin","BitTorrent"
548,"Decoin","TRON"
549,"Decoin","Stellar"
550,"Decoin","Cardano"
551,"Decoin","Dash"
552,"Decoin","Litecoin"
553,"Decoin","Tether"
554,"Decoin","Ethereum"
555,"Decoin","Bitcoin"
556,"Decoin","Decoin"
557,"Bitcoin of America","Litecoin"
558,"Bitcoin of America","Bitcoin"
559,"FTX","Paxos Standard"
560,"FTX","Cosmos"
561,"FTX","Algorand"
562,"FTX","Dragonchain"
563,"FTX","Cardano"
564,"FTX","OKB"
565,"FTX","TRON"
566,"FTX","Huobi Token"
567,"FTX","Tezos"
568,"FTX","Tether"
569,"FTX","Bitcoin SV"
570,"FTX","Chainlink"
571,"FTX","Ethereum Classic"
572,"FTX","XRP"
573,"FTX","BNB"
574,"FTX","Litecoin"
575,"FTX","EOS"
576,"FTX","FTX Token"
577,"FTX","Ethereum"
578,"FTX","Bitcoin"
579,"TokenMinds","Bitcoin Cash"
580,"TokenMinds","EOS"
581,"TokenMinds","Litecoin"
582,"TokenMinds","Ethereum"
583,"TokenMinds","Bitcoin"
584,"BitCoke","Litecoin"
585,"BitCoke","Bitcoin Cash"
586,"BitCoke","EOS"
587,"BitCoke","Ethereum"
588,"BitCoke","Bitcoin"
589,"Band Protocol","Band Protocol"
590,"Blockstream","Bitcoin"
591,"Overbit","Tether"
592,"Overbit","EOS"
593,"Overbit","Bitcoin Cash"
594,"Overbit","Cardano"
595,"Overbit","Neo"
596,"Overbit","Litecoin"
597,"Overbit","Ethereum"
598,"Overbit","XRP"
599,"Overbit","Bitcoin"
600,"OpenCrowd","Stellar"
601,"OpenCrowd","XRP"
602,"OpenCrowd","Hedera"
603,"OpenCrowd","GoChain"
604,"OpenCrowd","EOS"
605,"OpenCrowd","Ethereum"
606,"CryptoLocally","Telos"
607,"CryptoLocally","BOScoin"
608,"CryptoLocally","EOSDT"
609,"CryptoLocally","BNB"
610,"CryptoLocally","Bitcoin BEP2"
611,"CryptoLocally","Binance USD"
612,"CryptoLocally","Tether"
613,"CryptoLocally","WAX"
614,"CryptoLocally","TRON"
615,"CryptoLocally","EOS"
616,"Centrifuge","Ethereum"
617,"Gemini","Dai"
618,"Gemini","Orchid"
619,"Gemini","Basic Attention Token"
620,"Gemini","Chainlink"
621,"Gemini","Gemini Dollar"
622,"Gemini","Litecoin"
623,"Gemini","Zcash"
624,"Gemini","Ethereum"
625,"Gemini","Bitcoin"
626,"Neo Foundation","Gas"
627,"Neo Foundation","Neo"
628,"Santiment","Santiment Network Token"
629,"OKCoin","Tether"
630,"OKCoin","XRP"
631,"OKCoin","EOS"
632,"OKCoin","Litecoin"
633,"OKCoin","Ethereum"
634,"OKCoin","Bitcoin"
635,"Celsius Network","EOS"
636,"Celsius Network","Tether"
637,"Celsius Network","Orbs"
638,"Celsius Network","Single Collateral DAI"
639,"Celsius Network","Paxos Standard"
640,"Celsius Network","Gemini Dollar"
641,"Celsius Network","TrueUSD"
642,"Celsius Network","Dash"
643,"Celsius Network","Stellar"
644,"Celsius Network","ZCash Gold"
645,"Celsius Network","Bitcoin Gold"
646,"Celsius Network","0x"
647,"Celsius Network","Bitcoin Cash"
648,"Celsius Network","XRP"
649,"Celsius Network","Litecoin"
650,"Celsius Network","Ethereum"
651,"Celsius Network","Bitcoin"
652,"Celsius Network","Celsius"
653,"bitFlyer","Litecoin"
654,"bitFlyer","Ethereum Classic"
655,"bitFlyer","Ethereum"
656,"bitFlyer","Bitcoin Cash"
657,"bitFlyer","Bitcoin"
658,"SIBEX","Ethereum"
659,"SIBEX","Bitcoin"
660,"EMURGO","Cardano"
661,"SwapSpace","Stellar"
662,"SwapSpace","BNB"
663,"SwapSpace","Cardano"
664,"SwapSpace","Tether"
665,"SwapSpace","Dogecoin"
666,"SwapSpace","Monero"
667,"SwapSpace","Dash"
668,"SwapSpace","XRP"
669,"SwapSpace","Bitcoin Cash"
670,"SwapSpace","EOS"
671,"SwapSpace","Litecoin"
672,"SwapSpace","Ethereum"
673,"SwapSpace","Bitcoin"
674,"Crypto.Games","Ethereum Classic"
675,"Crypto.Games","Bitcoin Cash"
676,"Crypto.Games","Stratis"
677,"Crypto.Games","Monero"
678,"Crypto.Games","Gas"
679,"Crypto.Games","Dash"
680,"Crypto.Games","Litecoin"
681,"Crypto.Games","Ethereum"
682,"Crypto.Games","Dogecoin"
683,"Crypto.Games","Bitcoin"
684,"Compound","Tether"
685,"Compound","USD Coin"
686,"Compound","0x"
687,"Compound","Wrapped Bitcoin"
688,"Compound","Augur"
689,"Compound","Dai"
690,"Compound","Basic Attention Token"
691,"Compound","Ethereum"
692,"Compound","Compound"
693,"YouHodler","Augur"
694,"YouHodler","Huobi Token"
695,"YouHodler","Basic Attention Token"
696,"YouHodler","LINK"
697,"YouHodler","Dash"
698,"YouHodler","Bitcoin Cash"
699,"YouHodler","Bitcoin SV"
700,"YouHodler","Stellar"
701,"YouHodler","XRP"
702,"YouHodler","BNB"
703,"YouHodler","HUSD"
704,"YouHodler","PAX Gold"
705,"YouHodler","EOS"
706,"YouHodler","Litecoin"
707,"YouHodler","Ethereum"
708,"YouHodler","Bitcoin"
709,"Phemex","LINK"
710,"Phemex","XRP"
711,"Phemex","Ethereum"
712,"Phemex","Bitcoin"
713,"Sportsbet.io","XRP"
714,"Sportsbet.io","TRON"
715,"Sportsbet.io","Litecoin"
716,"Sportsbet.io","Ethereum"
717,"Sportsbet.io","Tether"
718,"Sportsbet.io","Bitcoin"
719,"Bitfinex","Cardano"
720,"Bitfinex","IOTA"
721,"Bitfinex","Dash"
722,"Bitfinex","Zcash"
723,"Bitfinex","Monero"
724,"Bitfinex","Ethereum Classic"
725,"Bitfinex","Neo"
726,"Bitfinex","Litecoin"
727,"Bitfinex","Bitcoin Cash"
728,"Bitfinex","XRP"
729,"Bitfinex","EOS"
730,"Bitfinex","Ethereum"
731,"Bitfinex","Bitcoin"
732,"Bityard","Huobi Token"
733,"Bityard","EOS"
734,"Bityard","XRP"
735,"Bityard","TRON"
736,"Bityard","Ethereum"
737,"Bityard","Bitcoin"
738,"Bityard","Tether"
739,"Solana","Solana"
740,"Switchere","XRP"
741,"Switchere","Stellar"
742,"Switchere","EOS"
743,"Switchere","Litecoin"
744,"Switchere","Ethereum"
745,"Switchere","Dash"
746,"Switchere","Bitcoin Cash"
747,"Switchere","Bitcoin"
748,"XBTPro","Stellar"
749,"XBTPro","XRP"
750,"XBTPro","Dash"
751,"XBTPro","Litecoin"
752,"XBTPro","USD Coin"
753,"XBTPro","Bitcoin Cash"
754,"XBTPro","Ethereum"
755,"XBTPro","Bitcoin"
756,"Exolix","IOStoken"
757,"Exolix","Stellar"
758,"Exolix","Zcash"
759,"Exolix","Cardano"
760,"Exolix","Ontology"
761,"Exolix","LINK"
762,"Exolix","Monero"
763,"Exolix","EOS"
764,"Exolix","Bitcoin Cash"
765,"Exolix","Litecoin"
766,"Exolix","XRP"
767,"Exolix","Ethereum"
768,"Exolix","Bitcoin"
769,"mStable","Tether"
770,"mStable","Dai"
771,"mStable","USD Coin"
772,"mStable","TrueUSD"
773,"mStable","Meta"
774,"Parity Technologies","Polkadot"
775,"CryptoAltum","EOS"
776,"CryptoAltum","Monero"
777,"CryptoAltum","Cardano"
778,"CryptoAltum","Dash"
779,"CryptoAltum","Bitcoin Cash"
780,"CryptoAltum","Zcash"
781,"CryptoAltum","XRP"
782,"CryptoAltum","Litecoin"
783,"CryptoAltum","Ethereum"
784,"CryptoAltum","Bitcoin"
785,"CryptoSlate","Bitcoin Cash"
786,"CryptoSlate","Litecoin"
787,"CryptoSlate","Ethereum"
788,"CryptoSlate","Bitcoin"
789,"EZPostage","Bitcoin"
790,"NSBroker","XRP"
791,"NSBroker","Bitcoin Cash"
792,"NSBroker","Litecoin"
793,"NSBroker","Ethereum"
794,"NSBroker","Bitcoin"
795,"1xBit","XRP"
796,"1xBit","Tether"
797,"1xBit","Zcash"
798,"1xBit","Litecoin"
799,"1xBit","Monero"
800,"1xBit","NEM"
801,"1xBit","Ethereum"
802,"1xBit","Dogecoin"
803,"1xBit","Dash"
804,"1xBit","Bitcoin Cash"
805,"1xBit","Bitcoin"
806,"AAX","TRON"
807,"AAX","Basic Attention Token"
808,"AAX","Tether"
809,"AAX","Ethereum"
810,"AAX","Bitcoin"
811,"MyCoinStory","Bitcoin"
812,"Anycoin Direct","Ontology Gas"
813,"Anycoin Direct","BlackCoin"
814,"Anycoin Direct","Peercoin"
815,"Anycoin Direct","Gas"
816,"Anycoin Direct","Gulden"
817,"Anycoin Direct","Verge"
818,"Anycoin Direct","OMG Network"
819,"Anycoin Direct","Qtum"
820,"Anycoin Direct","Zcash"
821,"Anycoin Direct","Ethereum Classic"
822,"Anycoin Direct","Stratis"
823,"Anycoin Direct","PIVX"
824,"Anycoin Direct","Dash"
825,"Anycoin Direct","Ontology"
826,"Anycoin Direct","Dogecoin"
827,"Anycoin Direct","Bitcoin Cash"
828,"Anycoin Direct","EOS"
829,"Anycoin Direct","Monero"
830,"Anycoin Direct","Cardano"
831,"Anycoin Direct","Neo"
832,"Anycoin Direct","IOTA"
833,"Anycoin Direct","Stellar"
834,"Anycoin Direct","Litecoin"
835,"Anycoin Direct","XRP"
836,"Anycoin Direct","Ethereum"
837,"Anycoin Direct","Bitcoin"
838,"Stably","Stably USD"
839,"Revolut","Bitcoin Cash"
840,"Revolut","XRP"
841,"Revolut","Ethereum"
842,"Revolut","Litecoin"
843,"Revolut","Bitcoin"
844,"Nexo","Tezos"
845,"Nexo","Ontology"
846,"Nexo","Zcash"
847,"Nexo","VeChain"
848,"Nexo","Qtum"
849,"Nexo","Neo"
850,"Nexo","Monero"
851,"Nexo","Kin"
852,"Nexo","IOTA"
853,"Nexo","Ethereum Classic"
854,"Nexo","Cardano"
855,"Nexo","Dash"
856,"Nexo","PAX Gold"
857,"Nexo","EOS"
858,"Nexo","Bitcoin Cash"
859,"Nexo","Stellar"
860,"Nexo","TRON"
861,"Nexo","Litecoin"
862,"Nexo","XRP"
863,"Nexo","BNB"
864,"Nexo","Nexo"
865,"Nexo","Ethereum"
866,"Nexo","Bitcoin"
867,"Bit.com","Ethereum"
868,"Bit.com","Bitcoin"
869,"Currency.com","Uniswap"
870,"Currency.com","Chainlink"
871,"Currency.com","Bitcoin Cash"
872,"Currency.com","XRP"
873,"Currency.com","Litecoin"
874,"Currency.com","Compound"
875,"Currency.com","Ethereum"
876,"Currency.com","Bitcoin"
877,"Binance","Binance USD"
878,"Binance","Binance GBP Stable Coin"
879,"Binance","BNB"
880,"Grayscale Investments","Zcash"
881,"Grayscale Investments","XRP"
882,"Grayscale Investments","Stellar"
883,"Grayscale Investments","Litecoin"
884,"Grayscale Investments","Ethereum Classic"
885,"Grayscale Investments","Ethereum"
886,"Grayscale Investments","Bitcoin Cash"
887,"Grayscale Investments","Bitcoin"
888,"MicroStrategy","Bitcoin"
889,"bitFlyer USA","Litecoin"
890,"bitFlyer USA","Ethereum"
891,"bitFlyer USA","Bitcoin Cash"
892,"bitFlyer USA","Bitcoin"
893,"Coinbase","Loopring"
894,"Coinbase","Balancer"
895,"Coinbase","Band Protocol"
896,"Coinbase","district0x"
897,"Coinbase","NuCypher"
898,"Coinbase","Numeraire"
899,"Coinbase","Civic"
900,"Coinbase","Celo"
901,"Coinbase","Ren"
902,"Coinbase","yearn.finance"
903,"Coinbase","Bancor"
904,"Coinbase","UMA"
905,"Coinbase","Decentraland"
906,"Coinbase","The Graph"
907,"Coinbase","Synthetix"
908,"Coinbase","Aave"
909,"Coinbase","Filecoin"
910,"Coinbase","Wrapped Bitcoin"
911,"Coinbase","Uniswap"
912,"Coinbase","SushiSwap"
913,"Coinbase","Cardano"
914,"Coinbase","SKALE Network"
915,"Coinbase","Polygon"
916,"Coinbase","OMG Network"
917,"Coinbase","USD Coin"
918,"Coinbase","Algorand"
919,"Coinbase","Compound"
920,"Coinbase","Augur"
921,"Coinbase","Zcash"
922,"Coinbase","Orchid"
923,"Coinbase","Dai"
924,"Coinbase","Cosmos"
925,"Coinbase","Tezos"
926,"Coinbase","Kyber Network"
927,"Coinbase","Basic Attention Token"
928,"Coinbase","0x"
929,"Coinbase","Ethereum Classic"
930,"Coinbase","Dash"
931,"Coinbase","Stellar"
932,"Coinbase","Chainlink"
933,"Coinbase","XRP"
934,"Coinbase","Bitcoin Cash"
935,"Coinbase","Litecoin"
936,"Coinbase","Ethereum"
937,"Coinbase","Bitcoin"
938,"C-Trade","Ethereum"
939,"C-Trade","Bitcoin"
940,"C-Trade","XRP"
941,"C-Trade","Litecoin"
942,"C-Trade","Bitcoin Cash"
943,"C-Trade","BNB"
944,"Bitbuy","Aave"
945,"Bitbuy","Chainlink"
946,"Bitbuy","EOS"
947,"Bitbuy","Stellar"
948,"Bitbuy","XRP"
949,"Bitbuy","Litecoin"
950,"Bitbuy","Ethereum"
951,"Bitbuy","Bitcoin Cash"
952,"Bitbuy","Bitcoin"
953,"MediaX Agency","Tether"
954,"MediaX Agency","USD Coin"
955,"MediaX Agency","Ethereum"
956,"MediaX Agency","Bitcoin"
957,"ZebPay","Polygon"
958,"ZebPay","Tether"
959,"ZebPay","XRP"
960,"ZebPay","Ethereum"
961,"ZebPay","Bitcoin"
962,"Invictus Capital","TrueUSD"
963,"Invictus Capital","Tether"
964,"Invictus Capital","Dash"
965,"Invictus Capital","Ethereum"
966,"Invictus Capital","Bitcoin"
967,"Rapid Innovation","Algorand"
968,"Rapid Innovation","Terra"
969,"Rapid Innovation","Hedera"
970,"Rapid Innovation","Tezos"
971,"Rapid Innovation","Stellar"
972,"Rapid Innovation","TRON"
973,"Rapid Innovation","EOS"
974,"Rapid Innovation","Flow (Dapper Labs)"
975,"Rapid Innovation","Solana"
976,"Rapid Innovation","Cardano"
977,"Rapid Innovation","Polygon"
978,"Rapid Innovation","BNB"
979,"Rapid Innovation","Ethereum"
980,"CommerceBlock","Bitcoin"
981,"Binance.US","XRP"
982,"Binance.US","Tether"
983,"Binance.US","Litecoin"
984,"Binance.US","BNB"
985,"Binance.US","Bitcoin Cash"
986,"Binance.US","Ethereum"
987,"Binance.US","Bitcoin"
988,"Bybit","EOS"
989,"Bybit","XRP"
990,"Bybit","Ethereum"
991,"Bybit","Bitcoin"
992,"Worthpad","BNB"
993,"Worthpad","Ethereum"
994,"Ambire","Ambire AdEx"
995,"WhaleFin","SHIBA INU"
996,"WhaleFin","Avalanche"
997,"WhaleFin","Terra"
998,"WhaleFin","Polkadot"
999,"WhaleFin","Dogecoin"
1000,"WhaleFin","Solana"
1001,"WhaleFin","Litecoin"
1002,"WhaleFin","XRP"
1003,"WhaleFin","Cardano"
1004,"WhaleFin","BNB"
1005,"WhaleFin","Ethereum"
1006,"WhaleFin","Bitcoin"
1007,"LetsExchange","Dash"
1008,"LetsExchange","Dogecoin"
1009,"LetsExchange","Zcash"
1010,"LetsExchange","Bitcoin Cash"
1011,"LetsExchange","EOS"
1012,"LetsExchange","Litecoin"
1013,"LetsExchange","Bitcoin"
1014,"LetsExchange","Ethereum"
1015,"Duelbits","Dogecoin"
1016,"Duelbits","Litecoin"
1017,"Duelbits","Ethereum"
1018,"Duelbits","Bitcoin"
1019,"OKX","Paxos Standard"
1020,"OKX","Airbloc"
1021,"OKX","USD Coin"
1022,"OKX","TrueUSD"
1023,"OKX","Gemini Dollar"
1024,"OKX","Litecoin"
1025,"OKX","EOS"
1026,"OKX","XRP"
1027,"OKX","Bitcoin Cash"
1028,"OKX","Ethereum Classic"
1029,"OKX","Ethereum"
1030,"OKX","Tether"
1031,"OKX","Bitcoin"
1032,"Ignite","Cosmos"
1033,"Circle","USD Coin"
1034,"Circle","EOS"
1035,"Circle","Qtum"
1036,"Circle","0x"
1037,"Circle","Stellar"
1038,"Circle","Monero"
1039,"Circle","Zcash"
1040,"Circle","Litecoin"
1041,"Circle","Ethereum Classic"
1042,"Circle","Bitcoin Cash"
1043,"Circle","Ethereum"
1044,"Circle","Bitcoin"
1045,"BlockFi","Paxos Standard"
1046,"BlockFi","USD Coin"
1047,"BlockFi","Gemini Dollar"
1048,"BlockFi","Litecoin"
1049,"BlockFi","Ethereum"
1050,"BlockFi","Bitcoin"
1051,"Launchpool Labs","Polkadot"
1052,"Launchpool Labs","Fantom"
1053,"Launchpool Labs","Solana"
1054,"Launchpool Labs","USD Coin"
1055,"Launchpool Labs","Avalanche"
1056,"Launchpool Labs","BNB"
1057,"Launchpool Labs","Ethereum"
1058,"Bity","Augur"
1059,"Bity","Ethereum"
1060,"Bity","Bitcoin"
1061,"BitMEX","Bitcoin"
1062,"ConsenSys","ETH Tokens"
1063,"ConsenSys","Ethereum"
1064,"Dfinity","Internet Computer"
1065,"LimeWire","Algorand"
1066,"Magic Eden","Solana"
1067,"Bakkt","Bitcoin"
1068,"LooksRare","LooksRare"
1069,"Singular","RMRK"
1070,"Singular","Kusama"
1071,"Input Output","Cardano"
1072,"Solanart","Solana"
1073,"GiveCrypto","Zcash"
1074,"GiveCrypto","XRP"
1075,"GiveCrypto","Litecoin"
1076,"GiveCrypto","Ethereum"
1077,"GiveCrypto","Bitcoin SV"
1078,"GiveCrypto","Bitcoin"
1079,"Kusama Kingdom","Kusama"
1080,"Bored Ape Yacht Club","Ethereum"
1081,"Bored Ape Yacht Club","ApeCoin"
1082,"SwissBorg","EOS"
1083,"SwissBorg","Bitcoin Cash"
1084,"SwissBorg","Litecoin"
1085,"SwissBorg","XRP"
1086,"SwissBorg","Ren"
1087,"SwissBorg","Compound"
1088,"SwissBorg","Dai"
1089,"SwissBorg","Kyber Network"
1090,"SwissBorg","BNB"
1091,"SwissBorg","Enjin Coin"
1092,"SwissBorg","PAX Gold"
1093,"SwissBorg","USD Coin"
1094,"SwissBorg","SwissBorg"
1095,"SwissBorg","Ethereum"
1096,"SwissBorg","Bitcoin"
1097,"Crypto.com","USD Coin"
1098,"Crypto.com","Chainlink"
1099,"Crypto.com","Cosmos"
1100,"Crypto.com","Stellar"
1101,"Crypto.com","EOS"
1102,"Crypto.com","Litecoin"
1103,"Crypto.com","XRP"
1104,"Crypto.com","Ethereum"
1105,"Crypto.com","Cronos"
1106,"Crypto.com","MCO"
1107,"Crypto.com","Bitcoin"
1108,"Meta","Libra"
1109,"Luna Foundation Guard","Bitcoin"
1110,"OpenSea","USD Coin"
1111,"OpenSea","Ethereum"
1112,"Symbiosis Labs","YAM v1"
1113,"Symbiosis Labs","Jarvis Network"
1114,"Symbiosis Labs","Auctus"
1115,"Symbiosis Labs","Ferrum Network"
1116,"Symbiosis Labs","SUKU"
1117,"Symbiosis Labs","Hakka.Finance"
1118,"Symbiosis Labs","pNetwork"
1119,"Symbiosis Labs","Keep Network"
1120,"Symbiosis Labs","Zap"
1121,"Symbiosis Labs","Swerve"
1122,"Symbiosis Labs","DIA"
1123,"Symbiosis Labs","Cream Finance"
1124,"Symbiosis Labs","IDEX"
1125,"Symbiosis Labs","Tellor"
1126,"Symbiosis Labs","Gnosis"
1127,"Symbiosis Labs","xDai"
1128,"Symbiosis Labs","Bancor"
1129,"Symbiosis Labs","Curve DAO Token"
1130,"Symbiosis Labs","bZx Protocol"
1131,"Symbiosis Labs","Numeraire"
1132,"Symbiosis Labs","Reserve Rights"
1133,"Symbiosis Labs","Serum"
1134,"Symbiosis Labs","Swipe"
1135,"Symbiosis Labs","YFIII"
1136,"Symbiosis Labs","Balancer"
1137,"Symbiosis Labs","Ampleforth"
1138,"Symbiosis Labs","Augur"
1139,"Symbiosis Labs","Band Protocol"
1140,"Symbiosis Labs","SushiSwap"
1141,"Symbiosis Labs","Kyber Network"
1142,"Symbiosis Labs","Loopring"
1143,"Symbiosis Labs","0x"
1144,"Symbiosis Labs","Dai"
1145,"Symbiosis Labs","Compound"
1146,"Symbiosis Labs","Synthetix"
1147,"Symbiosis Labs","Wrapped Bitcoin"
1148,"Symbiosis Labs","Maker"
1149,"Symbiosis Labs","yearn.finance"
1150,"Symbiosis Labs","Aave"
1151,"Symbiosis Labs","UMA"
1152,"Symbiosis Labs","Chainlink"
1153,"Symbiosis Labs","BNB"
1154,"Symbiosis Labs","Ethereum"
1155,"Symbiosis Labs","Polygon"
1156,"42 Studio","Ethereum"
1157,"42 Studio","Bitcoin"
1158,"SmartFi","XRP"
1159,"SmartFi","USD Coin"
1160,"SmartFi","Dogecoin"
1161,"SmartFi","Bitcoin"
1162,"SmartFi","Ethereum"
1163,"SmartFi","Bitcoin Cash"
1164,"SmartFi","Chainlink"
1165,"SmartFi","Litecoin"
1166,"Spendabit","Monero"
1167,"Spendabit","Ethereum"
1168,"Spendabit","Litecoin"
1169,"Spendabit","Bitcoin Cash"
1170,"Spendabit","Bitcoin"
1171,"MINERSET","Bitcoin Cash"
1172,"MINERSET","EOS"
1173,"MINERSET","Litecoin"
1174,"MINERSET","Ethereum"
1175,"MINERSET","Bitcoin"
1176,"zkLend","WETH"
1177,"zkLend","Wrapped Bitcoin"
1178,"zkLend","Ethereum"
1179,"zkLend","Dai"
1180,"zkLend","Tether"
1181,"zkLend","USD Coin"
1182,"XT.COM Exchange","Tether"
1183,"XT.COM Exchange","Bitcoin Cash"
1184,"XT.COM Exchange","EOS"
1185,"XT.COM Exchange","Litecoin"
1186,"XT.COM Exchange","Bitcoin"
1187,"XT.COM Exchange","Ethereum"
1188,"Strike","Bitcoin"
